{"stats":{"minecraft:dropped":{"twilightforest:nagastone":5,"minecraft:porkchop":1,"minecraft:cooked_beef":4,"minecraft:oak_log":30,"minecraft:diamond":1,"soulsweapons:leviathan_axe":1,"mcdw:sword_claymore":1,"twilightforest:naga_scale":11,"minecraft:dirt":5,"twilightforest:firefly":2,"minecraft:bone_block":6,"minecraft:bone":2,"minecraft:oak_door":1,"minecraft:sugar_cane":4,"minecraft:cobbled_deepslate":44,"minecraft:birch_sapling":2,"minecraft:rotten_flesh":9,"minecraft:oak_planks":2,"minecraft:glowstone_dust":2,"minecraft:cooked_mutton":2,"rogcontinued:luminoussandsfromguyun":1,"rogcontinued:bonehatchets":1,"twilightforest:magic_map":1,"minecraft:water_bucket":1,"minecraft:iron_ingot":4,"minecraft:bread":64,"minecraft:wheat_seeds":7,"twilightforest:canopy_sapling":13,"minecraft:iron_helmet":1,"minecraft:cobblestone":28,"twilightforest:lich_trophy":1,"twilightforest:etched_nagastone":1,"minecraft:stick":4,"twilightforest:naga_trophy":1,"minecraft:gray_wool":2,"minecraft:torch":102,"minecraft:iron_leggings":1,"minecraft:iron_axe":5,"twilightforest:raven_feather":2,"rogcontinued:wastergreatsword":1,"minecraft:moss_carpet":1,"minecraft:tuff":468,"rogcontinued:fettersofthedandeliongladiator":1,"alexscaves:spawn_egg_nucleeper":1,"minecraft:iron_boots":1,"minecraft:flint_and_steel":1,"minecraft:iron_chestplate":1,"minecraft:diamond_pickaxe":5,"minecraft:golden_leggings":1,"minecraft:spider_eye":3,"travelersbackpack:skeleton":1,"minecraft:bow":2},"minecraft:used":{"minecraft:iron_shovel":58,"minecraft:tuff":14,"minecraft:birch_sapling":2,"twilightforest:cooked_venison":1,"minecraft:iron_helmet":1,"minecraft:written_book":1,"minecraft:furnace":3,"minecraft:oak_sapling":9,"minecraft:egg":2,"minecraft:stone_pickaxe":118,"minecraft:oak_planks":77,"minecraft:wooden_pickaxe":3,"minecraft:diamond_axe":164,"rogcontinued:wastergreatsword":92,"mcdw:sword_mechanized_sawblade":4,"minecraft:glow_berries":1,"minecraft:sand":3,"minecraft:bread":7,"minecraft:flint_and_steel":2,"minecraft:cooked_chicken":2,"travelersbackpack:bat":4,"minecraft:oak_door":2,"minecraft:torch":80,"minecraft:dirt":5,"rogcontinued:giantjawblade":59,"alexscaves:spawn_egg_nucleeper":2,"minecraft:wooden_axe":50,"minecraft:iron_axe":271,"minecraft:oak_stairs":60,"minecraft:iron_boots":1,"minecraft:diamond_chestplate":4,"securitycraft:dirt_mine":41,"minecraft:cooked_beef":9,"minecraft:iron_leggings":2,"minecraft:cooked_mutton":15,"minecraft:water_bucket":27,"rogcontinued:halberd":1,"twilightforest:lich_trophy":1,"minecraft:crafting_table":7,"minecraft:campfire":1,"minecraft:painting":14,"minecraft:smoker":1,"minecraft:diamond_pickaxe":798,"minecraft:apple":1,"minecraft:iron_pickaxe":249,"stalwart_dungeons:stone_hammer":5,"travelersbackpack:standard":1,"minecraft:cooked_porkchop":7,"minecraft:white_banner":1,"minecraft:porkchop":2,"minecraft:bucket":28,"alexscaves:nuclear_bomb":2},"minecraft:broken":{"minecraft:wooden_axe":1,"minecraft:iron_pickaxe":1},"minecraft:custom":{"minecraft:interact_with_crafting_table":47,"minecraft:leave_game":8,"minecraft:time_since_death":8213,"minecraft:sprint_one_cm":576961,"minecraft:drop":92,"minecraft:play_time":228865,"minecraft:deaths":24,"minecraft:jump":2758,"minecraft:walk_on_water_one_cm":56112,"minecraft:interact_with_furnace":69,"minecraft:sleep_in_bed":4,"minecraft:damage_dealt":16557,"minecraft:player_kills":1,"minecraft:crouch_one_cm":36425,"minecraft:interact_with_smoker":4,"minecraft:horse_one_cm":7388,"minecraft:mob_kills":96,"minecraft:interact_with_campfire":12,"minecraft:climb_one_cm":2526,"minecraft:walk_one_cm":713923,"minecraft:sneak_time":13936,"minecraft:walk_under_water_one_cm":32481,"minecraft:total_world_time":228865,"minecraft:raid_trigger":1,"minecraft:time_since_rest":8297,"minecraft:damage_taken":9045,"minecraft:swim_one_cm":68902,"minecraft:fly_one_cm":1455135,"minecraft:open_chest":41,"minecraft:fall_one_cm":70079},"minecraft:picked_up":{"twilightforest:lich_trophy":1,"minecraft:iron_chestplate":7,"minecraft:wheat":18,"travelersbackpack:bat":1,"minecraft:anvil":4,"twilightforest:naga_trophy":3,"minecraft:oak_stairs":8,"soulsweapons:moonstone":6,"rogcontinued:mistveiledleadelixir":8,"minecraft:string":29,"minecraft:iron_leggings":19,"rogcontinued:tileofdecarabianstower":1,"minecraft:cobbled_deepslate":79,"minecraft:smooth_stone":18,"minecraft:gold_nugget":2,"rogcontinued:crystalchunk":30,"rogcontinued:wastergreatsword":11,"minecraft:written_book":1,"minecraft:azalea":2,"rogcontinued:borealwolfsmilktooth":5,"minecraft:iron_pickaxe":10,"minecraft:iron_boots":19,"minecraft:furnace":5,"minecraft:stick":77,"minecraft:torch":225,"minecraft:porkchop":19,"rogcontinued:fettersofthedandeliongladiator":10,"rogcontinued:halberd":3,"minecraft:golden_chestplate":5,"minecraft:cauldron":4,"minecraft:cactus":120,"minecraft:rotten_flesh":53,"minecraft:tropical_fish":2,"minecraft:mangrove_roots":2,"minecraft:obsidian":6,"minecraft:cod":4,"minecraft:cobblestone":528,"minecraft:birch_log":152,"minecraft:feather":10,"minecraft:cooked_beef":12,"minecraft:water_bucket":2,"minecraft:potato":62,"paraglider:spirit_orb":78,"minecraft:tuff":651,"minecraft:lapis_lazuli":117,"minecraft:dirt":240,"twilightforest:canopy_sapling":13,"minecraft:bone":63,"minecraft:bow":16,"minecraft:wheat_seeds":24,"minecraft:glowstone_dust":10,"minecraft:moss_block":1,"minecraft:oak_planks":541,"minecraft:cooked_porkchop":7,"securitycraft:dirt_mine":130,"minecraft:sand":3,"twilightforest:canopy_log":43,"mcda:wolf_pelt":4,"twilightforest:twilight_scepter":4,"minecraft:sugar":4,"rogcontinued:luminoussandsfromguyun":1,"rogcontinued:whiteironchunk":4,"minecraft:diamond":48,"rogcontinued:giantjawblade":2,"minecraft:writable_book":19,"minecraft:bread":171,"minecraft:emerald":6,"minecraft:oak_sapling":71,"rogcontinued:grainofaerosiderite":3,"minecraft:diamond_pickaxe":11,"minecraft:charcoal":272,"minecraft:coarse_dirt":2,"minecraft:chicken":33,"twilightforest:nagastone":19,"minecraft:moss_carpet":14,"minecraft:iron_axe":33,"minecraft:flint_and_steel":2,"twilightforest:filled_magic_map":3,"minecraft:iron_shovel":19,"minecraft:beef":21,"minecraft:sugar_cane":30,"minecraft:birch_sapling":10,"mcdw:sword_claymore":1,"twilightforest:armor_shard":17,"minecraft:diamond_hoe":2,"minecraft:egg":4,"minecraft:raw_iron":51,"minecraft:stone":12,"minecraft:oak_door":5,"alexscaves:spawn_egg_nucleeper":1,"twilightforest:firefly":6,"minecraft:arrow":35,"minecraft:diamond_chestplate":13,"minecraft:beetroot_seeds":2,"twilightforest:etched_nagastone":1,"minecraft:shears":15,"twilightforest:magic_map_focus":1,"minecraft:glow_berries":1,"minecraft:mutton":3,"minecraft:white_wool":4,"minecraft:bone_block":12,"rogcontinued:ironchunk":5,"minecraft:leather":60,"minecraft:oak_log":303,"minecraft:gunpowder":2,"minecraft:paper":290,"minecraft:white_banner":1,"minecraft:cooked_mutton":17,"twilightforest:raw_venison":11,"minecraft:apple":10,"minecraft:cooked_chicken":8,"minecraft:iron_ingot":48,"minecraft:stone_pickaxe":3,"minecraft:flowering_azalea":2,"minecraft:book":11,"twilightforest:filled_ore_map":1,"minecraft:quartz":6,"minecraft:gravel":1,"minecraft:blast_furnace":2,"minecraft:spider_eye":12,"travelersbackpack:standard":2,"minecraft:slime_ball":7,"twilightforest:raven_feather":2,"minecraft:iron_helmet":6,"minecraft:diamond_axe":2,"minecraft:painting":91,"minecraft:gray_wool":3,"minecraft:coal":103,"minecraft:ender_pearl":6},"minecraft:killed_by":{"twilightforest:lich":1,"twilightforest:death_tome":2,"minecraft:zombie":1,"minecraft:player":9,"minecraft:spider":1,"twilightforest:blockchain_goblin":1},"minecraft:killed":{"twilightforest:boar":1,"twilightforest:hostile_wolf":1,"minecraft:witch":1,"minecraft:spider":1,"twilightforest:lich_minion":2,"minecraft:skeleton":8,"twilightforest:lich":1,"minecraft:chicken":6,"minecraft:silverfish":1,"twilightforest:slime_beetle":7,"minecraft:pig":3,"twilightforest:raven":1,"minecraft:creeper":3,"minecraft:sheep":1,"minecraft:pillager":1,"twilightforest:upper_goblin_knight":1,"minecraft:zombie":26,"minecraft:cow":6,"twilightforest:deer":2,"twilightforest:hedge_spider":1,"twilightforest:blockchain_goblin":7,"twilightforest:death_tome":6,"alexsmobs:soul_vulture":1,"twilightforest:helmet_crab":3,"twilightforest:kobold":3,"minecraft:player":1},"minecraft:crafted":{"minecraft:smooth_stone":1,"minecraft:oak_planks":296,"minecraft:stone":13,"minecraft:cooked_mutton":17,"twilightforest:cooked_venison":1,"minecraft:bow":2,"minecraft:iron_boots":1,"minecraft:smoker":1,"minecraft:cooked_porkchop":1,"minecraft:diamond_axe":1,"minecraft:crafting_table":7,"minecraft:wooden_pickaxe":1,"minecraft:iron_helmet":1,"minecraft:birch_planks":64,"minecraft:campfire":1,"minecraft:paper":3,"minecraft:charcoal":37,"minecraft:diamond_pickaxe":3,"minecraft:stick":40,"minecraft:iron_ingot":28,"minecraft:iron_pickaxe":2,"minecraft:oak_door":3,"minecraft:furnace":3,"minecraft:bone_meal":54,"minecraft:iron_axe":2,"minecraft:stone_pickaxe":1,"minecraft:cooked_beef":8,"minecraft:bucket":1,"minecraft:air":0,"minecraft:wooden_axe":1,"minecraft:oak_stairs":56,"minecraft:iron_leggings":2,"stalwart_dungeons:stone_hammer":1,"minecraft:torch":76,"twilightforest:magic_map":1,"minecraft:diamond_chestplate":2},"minecraft:mined":{"rogcontinued:whiteironchunkore":2,"minecraft:obsidian":8,"minecraft:cave_vines_plant":1,"minecraft:grass_block":54,"minecraft:spawner":6,"rogcontinued:ironchunkore":5,"minecraft:iron_ore":20,"minecraft:fire":14,"minecraft:deepslate_lapis_ore":6,"minecraft:anvil":1,"minecraft:water_cauldron":1,"minecraft:oak_stairs":7,"soulsweapons:verglas_ore_deepslate":1,"minecraft:blast_furnace":2,"minecraft:nether_quartz_ore":6,"minecraft:sugar_cane":8,"minecraft:oak_planks":4,"minecraft:wall_torch":1,"minecraft:birch_log":44,"twilightforest:lich_trophy":1,"minecraft:grass":24,"minecraft:oak_log":175,"rogcontinued:crystalchunkore":6,"minecraft:sand":3,"minecraft:dirt":13,"twilightforest:canopy_log":60,"minecraft:deepslate":120,"minecraft:infested_deepslate":1,"minecraft:tuff":671,"minecraft:deepslate_diamond_ore":19,"minecraft:mangrove_roots":1,"minecraft:moss_block":1,"travelersbackpack:bat":1,"twilightforest:etched_nagastone":1,"minecraft:furnace":1,"soulsweapons:moonstone_ore_deepslate":5,"minecraft:bookshelf":7,"minecraft:deepslate_iron_ore":7,"minecraft:stone":168,"minecraft:bone_block":6,"twilightforest:hedge":4,"minecraft:dandelion":1,"travelersbackpack:standard":1,"twilightforest:nagastone":1,"minecraft:tall_grass":6,"minecraft:birch_planks":6,"minecraft:coarse_dirt":1,"minecraft:coal_ore":71,"minecraft:gravel":1,"minecraft:cracked_stone_bricks":2,"minecraft:stone_bricks":4,"minecraft:mossy_stone_bricks":1,"minecraft:fern":1}},"DataVersion":3465}