{"stats":{"minecraft:dropped":{"minecraft:water_bucket":1,"minecraft:iron_ingot":4,"minecraft:oak_log":29,"twilightforest:canopy_sapling":13,"minecraft:diamond":1,"minecraft:cobblestone":28,"twilightforest:etched_nagastone":1,"twilightforest:firefly":1,"minecraft:torch":38,"minecraft:bone_block":6,"minecraft:iron_axe":1,"twilightforest:raven_feather":2,"minecraft:oak_door":1,"minecraft:cobbled_deepslate":44,"minecraft:tuff":468,"minecraft:birch_sapling":1,"rogcontinued:fettersofthedandeliongladiator":1,"alexscaves:spawn_egg_nucleeper":1,"minecraft:cooked_mutton":2,"rogcontinued:luminoussandsfromguyun":1,"minecraft:flint_and_steel":1,"minecraft:diamond_pickaxe":2},"minecraft:used":{"minecraft:iron_shovel":58,"minecraft:flint_and_steel":1,"minecraft:oak_door":2,"minecraft:torch":60,"minecraft:dirt":5,"alexscaves:spawn_egg_nucleeper":2,"minecraft:tuff":14,"minecraft:wooden_axe":50,"minecraft:iron_axe":159,"minecraft:oak_stairs":60,"minecraft:birch_sapling":2,"minecraft:diamond_chestplate":1,"minecraft:furnace":1,"minecraft:egg":2,"minecraft:cooked_mutton":12,"minecraft:water_bucket":27,"minecraft:oak_planks":77,"minecraft:stone_pickaxe":118,"minecraft:wooden_pickaxe":3,"minecraft:diamond_axe":164,"minecraft:glow_berries":1,"minecraft:sand":3,"minecraft:crafting_table":6,"minecraft:diamond_pickaxe":693,"minecraft:iron_pickaxe":247,"stalwart_dungeons:stone_hammer":5,"minecraft:cooked_porkchop":7,"minecraft:bucket":28,"alexscaves:nuclear_bomb":1},"minecraft:broken":{"minecraft:wooden_axe":1},"minecraft:custom":{"minecraft:mob_kills":31,"minecraft:interact_with_crafting_table":37,"minecraft:leave_game":5,"minecraft:time_since_death":2037,"minecraft:climb_one_cm":2190,"minecraft:sprint_one_cm":282547,"minecraft:walk_one_cm":428514,"minecraft:drop":34,"minecraft:play_time":139709,"minecraft:sneak_time":12913,"minecraft:deaths":10,"minecraft:walk_under_water_one_cm":27038,"minecraft:jump":1785,"minecraft:walk_on_water_one_cm":48377,"minecraft:total_world_time":139709,"minecraft:interact_with_furnace":52,"minecraft:sleep_in_bed":1,"minecraft:time_since_rest":2432,"minecraft:damage_taken":3829,"minecraft:damage_dealt":5582,"minecraft:swim_one_cm":43488,"minecraft:fly_one_cm":893442,"minecraft:open_chest":18,"minecraft:crouch_one_cm":34803,"minecraft:fall_one_cm":43522,"minecraft:horse_one_cm":7388},"minecraft:picked_up":{"minecraft:charcoal":66,"minecraft:iron_chestplate":5,"minecraft:chicken":9,"twilightforest:naga_trophy":3,"minecraft:oak_stairs":8,"soulsweapons:moonstone":6,"twilightforest:nagastone":3,"minecraft:string":4,"minecraft:moss_carpet":13,"minecraft:iron_axe":13,"minecraft:flint_and_steel":2,"twilightforest:filled_magic_map":2,"minecraft:iron_leggings":4,"rogcontinued:tileofdecarabianstower":1,"minecraft:iron_shovel":5,"minecraft:cobbled_deepslate":77,"minecraft:smooth_stone":18,"rogcontinued:crystalchunk":8,"minecraft:azalea":2,"minecraft:iron_pickaxe":10,"minecraft:sugar_cane":22,"minecraft:birch_sapling":9,"minecraft:furnace":4,"minecraft:egg":2,"minecraft:diamond_hoe":2,"minecraft:iron_boots":5,"minecraft:stick":43,"minecraft:raw_iron":47,"minecraft:stone":12,"minecraft:oak_door":5,"minecraft:torch":130,"minecraft:porkchop":4,"rogcontinued:fettersofthedandeliongladiator":4,"twilightforest:firefly":5,"alexscaves:spawn_egg_nucleeper":1,"minecraft:arrow":1,"minecraft:rotten_flesh":18,"minecraft:diamond_chestplate":2,"minecraft:tropical_fish":2,"minecraft:beetroot_seeds":2,"twilightforest:etched_nagastone":1,"minecraft:shears":2,"minecraft:mangrove_roots":2,"twilightforest:magic_map_focus":1,"minecraft:glow_berries":1,"minecraft:obsidian":6,"minecraft:bone_block":12,"minecraft:cobblestone":384,"rogcontinued:ironchunk":1,"minecraft:birch_log":44,"minecraft:feather":2,"minecraft:water_bucket":2,"minecraft:leather":11,"paraglider:spirit_orb":12,"minecraft:tuff":614,"minecraft:oak_log":111,"minecraft:gunpowder":1,"minecraft:lapis_lazuli":117,"minecraft:dirt":231,"minecraft:paper":54,"twilightforest:canopy_sapling":13,"minecraft:cooked_mutton":4,"twilightforest:raw_venison":3,"minecraft:bone":6,"minecraft:apple":9,"minecraft:bow":2,"minecraft:wheat_seeds":9,"minecraft:iron_ingot":14,"minecraft:stone_pickaxe":3,"minecraft:moss_block":1,"minecraft:oak_planks":529,"minecraft:flowering_azalea":2,"minecraft:cooked_porkchop":7,"minecraft:quartz":6,"minecraft:gravel":1,"minecraft:sand":3,"twilightforest:canopy_log":43,"mcda:wolf_pelt":3,"minecraft:spider_eye":3,"minecraft:sugar":2,"rogcontinued:luminoussandsfromguyun":1,"minecraft:diamond":26,"minecraft:writable_book":3,"twilightforest:raven_feather":2,"minecraft:iron_helmet":4,"minecraft:diamond_axe":2,"minecraft:oak_sapling":53,"minecraft:coal":103,"minecraft:diamond_pickaxe":4},"minecraft:killed_by":{"minecraft:player":4,"minecraft:spider":1,"twilightforest:death_tome":1},"minecraft:killed":{"twilightforest:boar":1,"twilightforest:deer":1,"twilightforest:hostile_wolf":1,"minecraft:spider":1,"minecraft:skeleton":3,"minecraft:chicken":3,"twilightforest:hedge_spider":1,"twilightforest:death_tome":5,"minecraft:silverfish":1,"alexsmobs:soul_vulture":1,"minecraft:pig":1,"twilightforest:raven":1,"minecraft:creeper":1,"minecraft:zombie":9},"minecraft:crafted":{"minecraft:oak_door":3,"minecraft:smooth_stone":1,"minecraft:oak_planks":284,"minecraft:furnace":2,"minecraft:stone":13,"minecraft:bone_meal":54,"minecraft:cooked_mutton":14,"minecraft:iron_axe":1,"minecraft:stone_pickaxe":1,"minecraft:cooked_porkchop":1,"minecraft:diamond_axe":1,"minecraft:crafting_table":6,"minecraft:wooden_pickaxe":1,"minecraft:iron_helmet":1,"minecraft:birch_planks":64,"minecraft:bucket":1,"minecraft:air":0,"minecraft:paper":3,"minecraft:diamond_pickaxe":2,"minecraft:charcoal":11,"minecraft:stick":40,"minecraft:iron_ingot":24,"minecraft:iron_pickaxe":2,"minecraft:oak_stairs":56,"minecraft:wooden_axe":1,"minecraft:iron_leggings":1,"stalwart_dungeons:stone_hammer":1,"minecraft:torch":52,"twilightforest:magic_map":1,"minecraft:diamond_chestplate":1},"minecraft:mined":{"minecraft:infested_deepslate":1,"minecraft:tuff":629,"minecraft:deepslate_diamond_ore":19,"minecraft:mangrove_roots":1,"minecraft:obsidian":8,"minecraft:cave_vines_plant":1,"minecraft:grass_block":46,"minecraft:moss_block":1,"minecraft:spawner":3,"twilightforest:etched_nagastone":1,"rogcontinued:ironchunkore":1,"minecraft:iron_ore":20,"minecraft:fire":10,"minecraft:deepslate_lapis_ore":6,"soulsweapons:moonstone_ore_deepslate":5,"minecraft:bookshelf":7,"minecraft:deepslate_iron_ore":7,"minecraft:oak_stairs":7,"minecraft:stone":168,"minecraft:bone_block":6,"soulsweapons:verglas_ore_deepslate":1,"twilightforest:hedge":4,"minecraft:dandelion":1,"minecraft:nether_quartz_ore":6,"minecraft:tall_grass":4,"twilightforest:nagastone":1,"minecraft:sugar_cane":8,"minecraft:oak_planks":4,"minecraft:birch_planks":6,"minecraft:birch_log":26,"minecraft:grass":15,"minecraft:oak_log":118,"minecraft:coal_ore":71,"rogcontinued:crystalchunkore":2,"minecraft:gravel":1,"minecraft:sand":3,"minecraft:dirt":13,"minecraft:cracked_stone_bricks":2,"minecraft:stone_bricks":4,"twilightforest:canopy_log":60,"minecraft:mossy_stone_bricks":1,"minecraft:deepslate":77}},"DataVersion":3465}