{"stats":{"minecraft:custom":{"minecraft:jump":115,"minecraft:time_since_rest":9361,"minecraft:leave_game":2,"minecraft:time_since_death":9361,"minecraft:crouch_one_cm":600,"minecraft:play_time":9361,"minecraft:sprint_one_cm":18362,"minecraft:walk_one_cm":12071,"minecraft:walk_on_water_one_cm":265,"minecraft:sneak_time":242,"minecraft:total_world_time":9361,"minecraft:fall_one_cm":4031,"minecraft:fly_one_cm":16731},"minecraft:used":{"minecraft:dirt":4,"minecraft:sand":1},"minecraft:mined":{"minecraft:grass_block":3,"minecraft:dark_oak_log":1,"minecraft:sand":1,"minecraft:dirt":1},"minecraft:picked_up":{"minecraft:sand":1,"minecraft:dark_oak_log":1,"minecraft:dirt":4}},"DataVersion":3465}