{"stats":{"minecraft:killed_by":{"minecraft:drowned":1},"minecraft:custom":{"minecraft:time_since_rest":11384,"minecraft:crouch_one_cm":601,"minecraft:sprint_one_cm":19794,"minecraft:play_time":21361,"minecraft:walk_one_cm":12950,"minecraft:damage_taken":220,"minecraft:deaths":1,"minecraft:sneak_time":249,"minecraft:jump":124,"minecraft:leave_game":2,"minecraft:walk_on_water_one_cm":265,"minecraft:time_since_death":11224,"minecraft:total_world_time":21361,"minecraft:fall_one_cm":4515,"minecraft:fly_one_cm":17727},"minecraft:used":{"minecraft:dirt":4,"minecraft:sand":1},"minecraft:mined":{"minecraft:grass_block":3,"minecraft:sand":1,"minecraft:dirt":1,"minecraft:dark_oak_log":1},"minecraft:picked_up":{"minecraft:sand":1,"minecraft:dark_oak_log":1,"minecraft:dirt":4}},"DataVersion":3465}