{"stats":{"minecraft:dropped":{"twilightforest:nagastone":1,"minecraft:water_bucket":1,"minecraft:iron_ingot":4,"minecraft:wheat_seeds":2,"minecraft:cooked_beef":4,"minecraft:oak_log":30,"twilightforest:canopy_sapling":13,"minecraft:diamond":1,"minecraft:cobblestone":28,"twilightforest:etched_nagastone":1,"minecraft:gray_wool":1,"twilightforest:firefly":2,"minecraft:torch":38,"minecraft:bone_block":6,"minecraft:iron_axe":3,"twilightforest:raven_feather":2,"minecraft:bone":2,"minecraft:oak_door":1,"minecraft:sugar_cane":4,"minecraft:cobbled_deepslate":44,"minecraft:tuff":468,"minecraft:birch_sapling":2,"rogcontinued:fettersofthedandeliongladiator":1,"alexscaves:spawn_egg_nucleeper":1,"minecraft:cooked_mutton":2,"rogcontinued:luminoussandsfromguyun":1,"minecraft:flint_and_steel":1,"minecraft:diamond_pickaxe":2,"minecraft:spider_eye":1},"minecraft:used":{"minecraft:iron_shovel":58,"minecraft:flint_and_steel":1,"minecraft:oak_door":2,"minecraft:torch":76,"minecraft:dirt":5,"alexscaves:spawn_egg_nucleeper":2,"minecraft:tuff":14,"minecraft:wooden_axe":50,"minecraft:iron_axe":268,"minecraft:oak_stairs":60,"minecraft:birch_sapling":2,"twilightforest:cooked_venison":1,"minecraft:diamond_chestplate":2,"minecraft:oak_sapling":9,"minecraft:furnace":3,"minecraft:egg":2,"minecraft:cooked_beef":6,"minecraft:cooked_mutton":12,"minecraft:water_bucket":27,"minecraft:oak_planks":77,"minecraft:stone_pickaxe":118,"minecraft:wooden_pickaxe":3,"minecraft:diamond_axe":164,"rogcontinued:wastergreatsword":38,"minecraft:glow_berries":1,"minecraft:sand":3,"minecraft:crafting_table":7,"minecraft:campfire":1,"minecraft:smoker":1,"minecraft:diamond_pickaxe":780,"minecraft:apple":1,"minecraft:iron_pickaxe":249,"stalwart_dungeons:stone_hammer":5,"minecraft:cooked_porkchop":7,"minecraft:bucket":28,"alexscaves:nuclear_bomb":1},"minecraft:broken":{"minecraft:iron_pickaxe":1,"minecraft:wooden_axe":1},"minecraft:custom":{"minecraft:mob_kills":48,"minecraft:interact_with_crafting_table":44,"minecraft:interact_with_campfire":8,"minecraft:leave_game":5,"minecraft:time_since_death":7318,"minecraft:climb_one_cm":2520,"minecraft:sprint_one_cm":351431,"minecraft:walk_one_cm":501394,"minecraft:drop":51,"minecraft:play_time":163709,"minecraft:sneak_time":13200,"minecraft:deaths":11,"minecraft:walk_under_water_one_cm":31368,"minecraft:jump":2038,"minecraft:walk_on_water_one_cm":52217,"minecraft:total_world_time":163709,"minecraft:interact_with_furnace":69,"minecraft:sleep_in_bed":2,"minecraft:time_since_rest":7356,"minecraft:damage_taken":4727,"minecraft:damage_dealt":8351,"minecraft:player_kills":1,"minecraft:swim_one_cm":60319,"minecraft:fly_one_cm":948057,"minecraft:open_chest":28,"minecraft:crouch_one_cm":35209,"minecraft:interact_with_smoker":4,"minecraft:fall_one_cm":50158,"minecraft:horse_one_cm":7388},"minecraft:picked_up":{"minecraft:charcoal":101,"minecraft:iron_chestplate":5,"minecraft:chicken":13,"twilightforest:naga_trophy":3,"minecraft:oak_stairs":8,"soulsweapons:moonstone":6,"twilightforest:nagastone":6,"minecraft:string":9,"minecraft:moss_carpet":13,"minecraft:iron_axe":15,"minecraft:flint_and_steel":2,"twilightforest:filled_magic_map":2,"minecraft:iron_leggings":6,"rogcontinued:tileofdecarabianstower":1,"minecraft:iron_shovel":7,"minecraft:cobbled_deepslate":79,"minecraft:smooth_stone":18,"rogcontinued:crystalchunk":12,"minecraft:beef":21,"rogcontinued:wastergreatsword":2,"minecraft:azalea":2,"rogcontinued:borealwolfsmilktooth":1,"minecraft:iron_pickaxe":10,"minecraft:sugar_cane":30,"minecraft:birch_sapling":10,"minecraft:furnace":5,"minecraft:egg":4,"minecraft:diamond_hoe":2,"minecraft:iron_boots":7,"minecraft:stick":58,"minecraft:raw_iron":51,"minecraft:stone":12,"minecraft:oak_door":5,"minecraft:torch":130,"minecraft:porkchop":8,"rogcontinued:fettersofthedandeliongladiator":4,"twilightforest:firefly":6,"alexscaves:spawn_egg_nucleeper":1,"minecraft:arrow":3,"minecraft:rotten_flesh":21,"minecraft:diamond_chestplate":4,"minecraft:tropical_fish":2,"minecraft:beetroot_seeds":2,"twilightforest:etched_nagastone":1,"minecraft:shears":4,"minecraft:mangrove_roots":2,"twilightforest:magic_map_focus":1,"minecraft:mutton":3,"minecraft:glow_berries":1,"minecraft:obsidian":6,"minecraft:white_wool":4,"minecraft:bone_block":12,"minecraft:cobblestone":440,"rogcontinued:ironchunk":1,"minecraft:birch_log":80,"minecraft:feather":6,"minecraft:cooked_beef":8,"minecraft:water_bucket":2,"minecraft:leather":25,"paraglider:spirit_orb":18,"minecraft:tuff":651,"minecraft:oak_log":184,"minecraft:gunpowder":1,"minecraft:lapis_lazuli":117,"minecraft:dirt":231,"minecraft:paper":65,"twilightforest:canopy_sapling":13,"minecraft:cooked_mutton":7,"twilightforest:raw_venison":5,"minecraft:bone":14,"minecraft:apple":10,"minecraft:bow":3,"minecraft:wheat_seeds":12,"minecraft:iron_ingot":18,"minecraft:stone_pickaxe":3,"minecraft:glowstone_dust":1,"minecraft:moss_block":1,"minecraft:oak_planks":533,"minecraft:flowering_azalea":2,"minecraft:book":1,"minecraft:cooked_porkchop":7,"minecraft:quartz":6,"minecraft:gravel":1,"minecraft:sand":3,"twilightforest:canopy_log":43,"mcda:wolf_pelt":4,"minecraft:spider_eye":6,"minecraft:sugar":4,"rogcontinued:luminoussandsfromguyun":1,"minecraft:diamond":30,"minecraft:writable_book":4,"twilightforest:raven_feather":2,"minecraft:iron_helmet":4,"minecraft:painting":1,"minecraft:diamond_axe":2,"minecraft:gray_wool":2,"minecraft:oak_sapling":71,"minecraft:coal":103,"minecraft:diamond_pickaxe":6},"minecraft:killed_by":{"minecraft:player":5,"minecraft:spider":1,"twilightforest:death_tome":1},"minecraft:killed":{"twilightforest:boar":1,"twilightforest:deer":1,"twilightforest:hostile_wolf":1,"minecraft:witch":1,"minecraft:spider":1,"minecraft:skeleton":4,"minecraft:chicken":5,"twilightforest:hedge_spider":1,"twilightforest:death_tome":6,"minecraft:silverfish":1,"alexsmobs:soul_vulture":1,"minecraft:pig":2,"twilightforest:raven":1,"minecraft:creeper":1,"minecraft:sheep":1,"minecraft:zombie":12,"minecraft:player":1,"minecraft:cow":6},"minecraft:crafted":{"minecraft:oak_door":3,"minecraft:smooth_stone":1,"minecraft:oak_planks":296,"minecraft:furnace":3,"minecraft:stone":13,"minecraft:bone_meal":54,"minecraft:cooked_mutton":17,"twilightforest:cooked_venison":1,"minecraft:iron_axe":2,"minecraft:stone_pickaxe":1,"minecraft:smoker":1,"minecraft:cooked_beef":8,"minecraft:cooked_porkchop":1,"minecraft:diamond_axe":1,"minecraft:crafting_table":7,"minecraft:wooden_pickaxe":1,"minecraft:iron_helmet":1,"minecraft:birch_planks":64,"minecraft:bucket":1,"minecraft:campfire":1,"minecraft:air":0,"minecraft:paper":3,"minecraft:diamond_pickaxe":2,"minecraft:charcoal":37,"minecraft:stick":40,"minecraft:iron_ingot":28,"minecraft:iron_pickaxe":2,"minecraft:oak_stairs":56,"minecraft:wooden_axe":1,"minecraft:iron_leggings":1,"stalwart_dungeons:stone_hammer":1,"minecraft:torch":76,"twilightforest:magic_map":1,"minecraft:diamond_chestplate":1},"minecraft:mined":{"minecraft:infested_deepslate":1,"minecraft:tuff":671,"minecraft:deepslate_diamond_ore":19,"minecraft:mangrove_roots":1,"minecraft:obsidian":8,"minecraft:cave_vines_plant":1,"minecraft:grass_block":46,"minecraft:moss_block":1,"minecraft:spawner":6,"twilightforest:etched_nagastone":1,"rogcontinued:ironchunkore":1,"minecraft:furnace":1,"minecraft:iron_ore":20,"minecraft:fire":10,"minecraft:deepslate_lapis_ore":6,"soulsweapons:moonstone_ore_deepslate":5,"minecraft:bookshelf":7,"minecraft:deepslate_iron_ore":7,"minecraft:oak_stairs":7,"minecraft:stone":168,"minecraft:bone_block":6,"soulsweapons:verglas_ore_deepslate":1,"twilightforest:hedge":4,"minecraft:dandelion":1,"minecraft:nether_quartz_ore":6,"minecraft:tall_grass":4,"twilightforest:nagastone":1,"minecraft:sugar_cane":8,"minecraft:oak_planks":4,"minecraft:birch_planks":6,"minecraft:birch_log":44,"minecraft:grass":20,"minecraft:oak_log":175,"minecraft:coal_ore":71,"rogcontinued:crystalchunkore":2,"minecraft:gravel":1,"minecraft:sand":3,"minecraft:dirt":13,"minecraft:cracked_stone_bricks":2,"minecraft:stone_bricks":4,"twilightforest:canopy_log":60,"minecraft:mossy_stone_bricks":1,"minecraft:deepslate":120}},"DataVersion":3465}