{"stats":{"minecraft:picked_up":{"minecraft:sand":1,"minecraft:dark_oak_log":1,"minecraft:dirt":4},"minecraft:custom":{"minecraft:time_since_rest":24659,"minecraft:crouch_one_cm":894,"minecraft:sprint_one_cm":23174,"minecraft:play_time":34636,"minecraft:deaths":1,"minecraft:damage_taken":420,"minecraft:walk_one_cm":14686,"minecraft:sneak_time":425,"minecraft:walk_under_water_one_cm":2059,"minecraft:jump":132,"minecraft:leave_game":4,"minecraft:walk_on_water_one_cm":2053,"minecraft:time_since_death":24499,"minecraft:total_world_time":34636,"minecraft:swim_one_cm":1504,"minecraft:fall_one_cm":4515,"minecraft:fly_one_cm":18201},"minecraft:used":{"minecraft:dirt":4,"minecraft:sand":1},"minecraft:mined":{"minecraft:grass":1,"minecraft:grass_block":3,"minecraft:sand":1,"minecraft:dirt":1,"minecraft:dark_oak_log":1},"minecraft:killed_by":{"minecraft:drowned":1}},"DataVersion":3465}