{"stats":{"minecraft:dropped":{"twilightforest:nagastone":5,"minecraft:water_bucket":1,"minecraft:iron_ingot":4,"minecraft:wheat_seeds":7,"minecraft:cooked_beef":4,"minecraft:oak_log":30,"twilightforest:canopy_sapling":13,"minecraft:diamond":1,"minecraft:cobblestone":28,"twilightforest:etched_nagastone":1,"minecraft:stick":4,"minecraft:gray_wool":2,"twilightforest:firefly":2,"minecraft:torch":38,"minecraft:bone_block":6,"minecraft:iron_axe":3,"twilightforest:raven_feather":2,"rogcontinued:wastergreatsword":1,"minecraft:bone":2,"minecraft:oak_door":1,"minecraft:moss_carpet":1,"minecraft:sugar_cane":4,"minecraft:cobbled_deepslate":44,"minecraft:tuff":468,"minecraft:birch_sapling":2,"rogcontinued:fettersofthedandeliongladiator":1,"minecraft:rotten_flesh":9,"alexscaves:spawn_egg_nucleeper":1,"minecraft:oak_planks":2,"minecraft:glowstone_dust":2,"minecraft:cooked_mutton":2,"rogcontinued:luminoussandsfromguyun":1,"minecraft:flint_and_steel":1,"minecraft:diamond_pickaxe":3,"minecraft:spider_eye":3,"minecraft:bow":2},"minecraft:used":{"minecraft:iron_shovel":58,"minecraft:flint_and_steel":1,"minecraft:cooked_chicken":1,"minecraft:oak_door":2,"minecraft:torch":77,"minecraft:dirt":5,"alexscaves:spawn_egg_nucleeper":2,"minecraft:tuff":14,"minecraft:wooden_axe":50,"minecraft:iron_axe":270,"minecraft:oak_stairs":60,"minecraft:birch_sapling":2,"twilightforest:cooked_venison":1,"minecraft:diamond_chestplate":2,"securitycraft:dirt_mine":6,"minecraft:oak_sapling":9,"minecraft:furnace":3,"minecraft:egg":2,"minecraft:cooked_beef":9,"minecraft:iron_leggings":1,"minecraft:cooked_mutton":15,"minecraft:water_bucket":27,"rogcontinued:halberd":1,"minecraft:oak_planks":77,"minecraft:stone_pickaxe":118,"minecraft:wooden_pickaxe":3,"minecraft:diamond_axe":164,"rogcontinued:wastergreatsword":92,"mcdw:sword_mechanized_sawblade":4,"minecraft:glow_berries":1,"minecraft:sand":3,"minecraft:crafting_table":7,"minecraft:campfire":1,"minecraft:painting":14,"minecraft:smoker":1,"minecraft:diamond_pickaxe":780,"minecraft:apple":1,"minecraft:iron_pickaxe":249,"stalwart_dungeons:stone_hammer":5,"minecraft:white_banner":1,"minecraft:porkchop":2,"minecraft:cooked_porkchop":7,"minecraft:bucket":28,"alexscaves:nuclear_bomb":1},"minecraft:broken":{"minecraft:iron_pickaxe":1,"minecraft:wooden_axe":1},"minecraft:custom":{"minecraft:mob_kills":70,"minecraft:interact_with_crafting_table":45,"minecraft:interact_with_campfire":12,"minecraft:leave_game":5,"minecraft:time_since_death":9920,"minecraft:climb_one_cm":2520,"minecraft:sprint_one_cm":447678,"minecraft:walk_one_cm":597417,"minecraft:drop":71,"minecraft:play_time":187339,"minecraft:sneak_time":13289,"minecraft:deaths":17,"minecraft:walk_under_water_one_cm":31558,"minecraft:jump":2194,"minecraft:walk_on_water_one_cm":52231,"minecraft:total_world_time":187339,"minecraft:interact_with_furnace":69,"minecraft:sleep_in_bed":2,"minecraft:time_since_rest":9943,"minecraft:damage_taken":6850,"minecraft:damage_dealt":11514,"minecraft:player_kills":1,"minecraft:swim_one_cm":61001,"minecraft:fly_one_cm":982945,"minecraft:open_chest":31,"minecraft:crouch_one_cm":35427,"minecraft:interact_with_smoker":4,"minecraft:fall_one_cm":54711,"minecraft:horse_one_cm":7388},"minecraft:picked_up":{"minecraft:charcoal":272,"minecraft:iron_chestplate":5,"minecraft:chicken":31,"twilightforest:naga_trophy":3,"minecraft:oak_stairs":8,"soulsweapons:moonstone":6,"twilightforest:nagastone":19,"rogcontinued:mistveiledleadelixir":8,"minecraft:string":29,"minecraft:moss_carpet":14,"minecraft:iron_axe":25,"minecraft:flint_and_steel":2,"twilightforest:filled_magic_map":2,"minecraft:iron_leggings":14,"rogcontinued:tileofdecarabianstower":1,"minecraft:iron_shovel":13,"minecraft:smooth_stone":18,"minecraft:cobbled_deepslate":79,"rogcontinued:crystalchunk":26,"minecraft:beef":21,"rogcontinued:wastergreatsword":9,"minecraft:azalea":2,"rogcontinued:borealwolfsmilktooth":5,"minecraft:iron_pickaxe":10,"minecraft:sugar_cane":30,"minecraft:birch_sapling":10,"minecraft:furnace":5,"minecraft:diamond_hoe":2,"minecraft:iron_boots":14,"minecraft:egg":4,"minecraft:stick":77,"minecraft:raw_iron":51,"minecraft:stone":12,"minecraft:oak_door":5,"minecraft:torch":161,"minecraft:porkchop":19,"rogcontinued:fettersofthedandeliongladiator":10,"rogcontinued:halberd":1,"twilightforest:firefly":6,"alexscaves:spawn_egg_nucleeper":1,"minecraft:cactus":72,"minecraft:arrow":35,"minecraft:rotten_flesh":51,"minecraft:diamond_chestplate":11,"minecraft:tropical_fish":2,"minecraft:beetroot_seeds":2,"twilightforest:etched_nagastone":1,"minecraft:shears":12,"minecraft:mangrove_roots":2,"twilightforest:magic_map_focus":1,"minecraft:glow_berries":1,"minecraft:obsidian":6,"minecraft:mutton":3,"minecraft:bone_block":12,"minecraft:white_wool":4,"minecraft:cobblestone":528,"rogcontinued:ironchunk":1,"minecraft:birch_log":152,"minecraft:feather":6,"minecraft:cooked_beef":12,"minecraft:water_bucket":2,"minecraft:leather":60,"paraglider:spirit_orb":66,"minecraft:tuff":651,"minecraft:oak_log":303,"minecraft:gunpowder":1,"minecraft:lapis_lazuli":117,"minecraft:dirt":236,"minecraft:paper":200,"minecraft:white_banner":1,"twilightforest:canopy_sapling":13,"minecraft:cooked_mutton":17,"twilightforest:raw_venison":5,"minecraft:bone":48,"minecraft:apple":10,"minecraft:bow":16,"minecraft:wheat_seeds":24,"minecraft:cooked_chicken":4,"minecraft:iron_ingot":36,"minecraft:stone_pickaxe":3,"minecraft:glowstone_dust":10,"minecraft:moss_block":1,"minecraft:oak_planks":541,"minecraft:flowering_azalea":2,"minecraft:book":11,"minecraft:cooked_porkchop":7,"minecraft:quartz":6,"minecraft:gravel":1,"minecraft:sand":3,"twilightforest:canopy_log":43,"mcda:wolf_pelt":4,"minecraft:spider_eye":12,"minecraft:sugar":4,"rogcontinued:luminoussandsfromguyun":1,"minecraft:diamond":48,"minecraft:writable_book":13,"twilightforest:raven_feather":2,"minecraft:iron_helmet":4,"minecraft:diamond_axe":2,"minecraft:painting":91,"minecraft:gray_wool":3,"minecraft:oak_sapling":71,"rogcontinued:grainofaerosiderite":1,"minecraft:coal":103,"minecraft:diamond_pickaxe":6},"minecraft:killed_by":{"minecraft:player":5,"minecraft:spider":1,"twilightforest:lich":1,"twilightforest:death_tome":2,"minecraft:zombie":1},"minecraft:killed":{"twilightforest:boar":1,"twilightforest:deer":1,"twilightforest:hostile_wolf":1,"minecraft:witch":1,"minecraft:spider":1,"twilightforest:lich_minion":2,"minecraft:skeleton":8,"twilightforest:lich":1,"minecraft:chicken":5,"twilightforest:hedge_spider":1,"twilightforest:death_tome":6,"minecraft:silverfish":1,"alexsmobs:soul_vulture":1,"minecraft:pig":3,"twilightforest:raven":1,"minecraft:creeper":1,"minecraft:sheep":1,"minecraft:pillager":1,"minecraft:zombie":25,"minecraft:player":1,"minecraft:cow":6},"minecraft:crafted":{"minecraft:oak_door":3,"minecraft:smooth_stone":1,"minecraft:oak_planks":296,"minecraft:furnace":3,"minecraft:stone":13,"minecraft:bone_meal":54,"minecraft:cooked_mutton":17,"twilightforest:cooked_venison":1,"minecraft:bow":2,"minecraft:iron_boots":1,"minecraft:iron_axe":2,"minecraft:stone_pickaxe":1,"minecraft:smoker":1,"minecraft:cooked_beef":8,"minecraft:cooked_porkchop":1,"minecraft:diamond_axe":1,"minecraft:crafting_table":7,"minecraft:wooden_pickaxe":1,"minecraft:iron_helmet":1,"minecraft:bucket":1,"minecraft:birch_planks":64,"minecraft:campfire":1,"minecraft:air":0,"minecraft:paper":3,"minecraft:diamond_pickaxe":3,"minecraft:charcoal":37,"minecraft:stick":40,"minecraft:iron_ingot":28,"minecraft:iron_pickaxe":2,"minecraft:oak_stairs":56,"minecraft:wooden_axe":1,"minecraft:iron_leggings":2,"stalwart_dungeons:stone_hammer":1,"minecraft:torch":76,"twilightforest:magic_map":1,"minecraft:diamond_chestplate":2},"minecraft:mined":{"minecraft:infested_deepslate":1,"minecraft:tuff":671,"minecraft:deepslate_diamond_ore":19,"minecraft:mangrove_roots":1,"minecraft:obsidian":8,"minecraft:cave_vines_plant":1,"minecraft:grass_block":51,"minecraft:moss_block":1,"minecraft:spawner":6,"twilightforest:etched_nagastone":1,"rogcontinued:ironchunkore":1,"minecraft:furnace":1,"minecraft:iron_ore":20,"minecraft:fire":10,"minecraft:deepslate_lapis_ore":6,"soulsweapons:moonstone_ore_deepslate":5,"minecraft:bookshelf":7,"minecraft:deepslate_iron_ore":7,"minecraft:oak_stairs":7,"minecraft:stone":168,"minecraft:bone_block":6,"soulsweapons:verglas_ore_deepslate":1,"twilightforest:hedge":4,"minecraft:dandelion":1,"minecraft:nether_quartz_ore":6,"twilightforest:nagastone":1,"minecraft:tall_grass":4,"minecraft:oak_planks":4,"minecraft:sugar_cane":8,"minecraft:wall_torch":1,"minecraft:birch_planks":6,"minecraft:birch_log":44,"minecraft:grass":21,"minecraft:coal_ore":71,"minecraft:oak_log":175,"rogcontinued:crystalchunkore":2,"minecraft:gravel":1,"minecraft:sand":3,"minecraft:dirt":13,"minecraft:cracked_stone_bricks":2,"minecraft:stone_bricks":4,"twilightforest:canopy_log":60,"minecraft:mossy_stone_bricks":1,"minecraft:deepslate":120}},"DataVersion":3465}