{"stats":{"minecraft:dropped":{"minecraft:iron_ingot":4,"minecraft:wheat_seeds":2,"minecraft:diamond":1,"minecraft:cooked_porkchop":6,"minecraft:iron_helmet":1,"minecraft:stick":1,"twilightforest:naga_trophy":1,"minecraft:torch":70,"minecraft:wooden_axe":4,"minecraft:writable_book":1,"minecraft:iron_axe":1,"minecraft:sugar":2,"minecraft:smooth_stone":6,"minecraft:iron_shovel":1,"minecraft:paper":7,"minecraft:string":3,"minecraft:birch_log":1,"minecraft:furnace":1,"minecraft:gravel":2,"minecraft:stone_axe":1,"minecraft:moss_carpet":1,"alexsmobs:animal_dictionary":2,"alexscaves:spawn_egg_nucleeper":1,"minecraft:iron_boots":1,"minecraft:oak_planks":64,"minecraft:diamond_pickaxe":3,"minecraft:iron_chestplate":1,"minecraft:beetroot_seeds":1,"twilightforest:magic_map_focus":1,"minecraft:spider_eye":2,"minecraft:stone_pickaxe":2,"minecraft:wooden_pickaxe":2,"minecraft:egg":2},"minecraft:used":{"minecraft:iron_shovel":49,"minecraft:flint_and_steel":2,"minecraft:poppy":1,"minecraft:chest":3,"minecraft:stone":90,"minecraft:cooked_chicken":5,"minecraft:rotten_flesh":8,"minecraft:torch":61,"minecraft:dirt":5,"minecraft:allium":2,"minecraft:tuff":12,"minecraft:obsidian":12,"minecraft:wooden_axe":91,"minecraft:iron_axe":393,"twilightforest:cooked_venison":3,"minecraft:stone_bricks":2,"minecraft:light_gray_wool":1,"minecraft:furnace":4,"minecraft:cooked_beef":16,"minecraft:cobbled_deepslate":6,"minecraft:cooked_mutton":11,"minecraft:wheat_seeds":1,"minecraft:water_bucket":18,"minecraft:mossy_stone_bricks":1,"minecraft:oak_planks":289,"minecraft:stone_pickaxe":20,"minecraft:wooden_pickaxe":24,"minecraft:white_wool":1,"minecraft:cracked_stone_bricks":2,"minecraft:crafting_table":5,"minecraft:white_bed":3,"minecraft:diamond_pickaxe":448,"minecraft:cracked_polished_blackstone_bricks":6,"minecraft:gravel":12,"stalwart_dungeons:stone_hammer":2,"minecraft:stone_axe":11,"minecraft:cobblestone":24,"minecraft:cooked_porkchop":10,"minecraft:bucket":17,"minecraft:smooth_stone_slab":2,"minecraft:yellow_bed":1,"minecraft:dandelion":5},"minecraft:broken":{"minecraft:iron_axe":1,"minecraft:wooden_axe":1},"minecraft:custom":{"minecraft:mob_kills":101,"minecraft:interact_with_crafting_table":27,"minecraft:leave_game":2,"minecraft:time_since_death":24209,"minecraft:climb_one_cm":5518,"minecraft:sprint_one_cm":722865,"minecraft:walk_one_cm":339498,"minecraft:drop":55,"minecraft:talked_to_villager":2,"minecraft:play_time":153151,"minecraft:deaths":2,"minecraft:sneak_time":3287,"minecraft:walk_under_water_one_cm":16247,"minecraft:jump":2544,"minecraft:walk_on_water_one_cm":49782,"minecraft:total_world_time":153151,"minecraft:interact_with_furnace":103,"minecraft:traded_with_villager":1,"minecraft:sleep_in_bed":5,"minecraft:time_since_rest":24302,"minecraft:damage_taken":3172,"minecraft:damage_dealt":14352,"minecraft:player_kills":4,"minecraft:swim_one_cm":99414,"minecraft:fly_one_cm":860383,"minecraft:open_chest":48,"minecraft:crouch_one_cm":13329,"minecraft:fall_one_cm":59860},"minecraft:picked_up":{"minecraft:wooden_axe":2,"minecraft:iron_chestplate":2,"minecraft:crafting_table":2,"minecraft:allium":4,"minecraft:chicken":16,"minecraft:wooden_pickaxe":1,"soulsweapons:moonstone":2,"minecraft:string":12,"minecraft:moss_carpet":2,"minecraft:raw_copper":16,"minecraft:iron_axe":3,"minecraft:flint_and_steel":1,"minecraft:smooth_stone_slab":2,"twilightforest:filled_magic_map":1,"minecraft:iron_leggings":2,"rogcontinued:tileofdecarabianstower":1,"minecraft:blackstone":2,"minecraft:cracked_stone_bricks":2,"minecraft:cobbled_deepslate":32,"minecraft:bucket":1,"rogcontinued:crystalchunk":4,"minecraft:beef":30,"rogcontinued:borealwolfsmilktooth":2,"minecraft:poppy":2,"minecraft:light_gray_wool":1,"minecraft:sugar_cane":20,"minecraft:birch_sapling":4,"minecraft:furnace":2,"minecraft:iron_boots":2,"minecraft:egg":5,"minecraft:stick":70,"minecraft:raw_iron":51,"twilightforest:cooked_venison":1,"minecraft:torch":225,"minecraft:porkchop":30,"minecraft:polished_blackstone_bricks":1,"minecraft:redstone":56,"alexscaves:spawn_egg_nucleeper":1,"minecraft:arrow":8,"minecraft:rotten_flesh":14,"minecraft:beetroot_seeds":1,"twilightforest:etched_nagastone":1,"minecraft:obsidian":6,"minecraft:mutton":45,"minecraft:bone_block":18,"minecraft:skeleton_skull":1,"minecraft:white_wool":31,"minecraft:cobblestone":296,"minecraft:birch_log":24,"rogcontinued:ironchunk":12,"minecraft:feather":19,"minecraft:cooked_beef":6,"minecraft:water_bucket":1,"minecraft:salmon":2,"twilightforest:twilight_oak_wood":16,"minecraft:leather":10,"minecraft:potato":2,"minecraft:birch_planks":26,"paraglider:spirit_orb":4,"minecraft:flint":1,"minecraft:tuff":95,"minecraft:oak_log":159,"minecraft:yellow_bed":1,"minecraft:gunpowder":6,"minecraft:dirt":50,"minecraft:paper":11,"twilightforest:canopy_sapling":1,"minecraft:cooked_mutton":4,"twilightforest:raw_venison":3,"minecraft:bone":14,"minecraft:apple":5,"minecraft:stone_bricks":2,"untamedwilds:material_fat":1,"minecraft:bow":3,"minecraft:wheat_seeds":4,"minecraft:raw_gold":11,"minecraft:iron_ingot":5,"minecraft:stone_pickaxe":3,"minecraft:mossy_stone_bricks":1,"travelersbackpack:skeleton":2,"minecraft:glowstone_dust":31,"minecraft:oak_planks":76,"minecraft:book":22,"minecraft:pumpkin":24,"minecraft:dandelion":10,"minecraft:raw_iron_block":1,"minecraft:gravel":14,"minecraft:ink_sac":6,"minecraft:white_bed":1,"minecraft:spider_eye":3,"alexsmobs:animal_dictionary":1,"minecraft:sugar":2,"rogcontinued:luminoussandsfromguyun":2,"minecraft:diamond":1,"rogcontinued:whiteironchunk":3,"stalwart_dungeons:stone_hammer":2,"minecraft:writable_book":1,"twilightforest:raven_feather":3,"minecraft:cracked_polished_blackstone_bricks":6,"minecraft:iron_helmet":2,"minecraft:gray_wool":1,"soulsweapons:verglas":2,"minecraft:emerald":1,"minecraft:bread":12,"minecraft:oak_sapling":26,"minecraft:netherrack":1,"rogcontinued:grainofaerosiderite":4,"twilightforest:torchberries":3,"minecraft:coal":65,"minecraft:diamond_pickaxe":6},"minecraft:killed":{"twilightforest:deer":1,"alexsmobs:lobster":1,"twilightforest:hostile_wolf":2,"minecraft:witch":1,"minecraft:spider":4,"alexsmobs:seagull":1,"alexscaves:nucleeper":1,"minecraft:skeleton":5,"minecraft:horse":4,"twilightforest:naga":1,"minecraft:chicken":13,"twilightforest:hedge_spider":1,"twilightforest:death_tome":3,"minecraft:piglin":2,"minecraft:pig":11,"minecraft:salmon":2,"untamedwilds:boar":1,"twilightforest:raven":1,"minecraft:creeper":2,"minecraft:squid":1,"minecraft:sheep":19,"alexsmobs:catfish":1,"minecraft:zombie":10,"minecraft:player":4,"minecraft:cow":10},"minecraft:crafted":{"minecraft:smooth_stone":6,"minecraft:oak_planks":556,"minecraft:raw_iron":9,"minecraft:cooked_chicken":5,"minecraft:furnace":3,"minecraft:stone":105,"minecraft:cooked_mutton":9,"minecraft:flint_and_steel":1,"twilightforest:cooked_venison":3,"minecraft:iron_boots":2,"minecraft:iron_axe":2,"minecraft:stone_pickaxe":1,"minecraft:chest":3,"twilightforest:magic_map_focus":2,"minecraft:cooked_beef":15,"minecraft:emerald":1,"minecraft:cooked_porkchop":16,"minecraft:crafting_table":3,"minecraft:wooden_pickaxe":1,"minecraft:iron_helmet":1,"minecraft:birch_planks":92,"minecraft:stone_axe":1,"rogcontinued:pieceofaerosiderite":1,"minecraft:air":0,"minecraft:iron_chestplate":2,"minecraft:paper":15,"minecraft:stick":44,"minecraft:iron_ingot":53,"minecraft:wooden_axe":3,"minecraft:iron_shovel":1,"minecraft:iron_leggings":1,"minecraft:white_bed":2,"minecraft:torch":132,"twilightforest:magic_map":1},"minecraft:mined":{"minecraft:tuff":33,"rogcontinued:whiteironchunkore":3,"minecraft:white_bed":1,"minecraft:deepslate_diamond_ore":1,"minecraft:obsidian":5,"minecraft:glow_lichen":1,"minecraft:allium":1,"minecraft:grass_block":38,"minecraft:cracked_polished_blackstone_bricks":6,"minecraft:spawner":2,"minecraft:polished_blackstone_bricks":1,"minecraft:tall_seagrass":1,"minecraft:raw_iron_block":1,"rogcontinued:ironchunkore":12,"minecraft:glowstone":10,"minecraft:furnace":1,"minecraft:fire":4,"twilightforest:twilight_oak_wood":44,"minecraft:pumpkin":12,"twilightforest:twilight_oak_leaves":10,"soulsweapons:moonstone_ore_deepslate":1,"minecraft:potatoes":1,"minecraft:deepslate_iron_ore":51,"minecraft:stone":234,"minecraft:bone_block":18,"minecraft:deepslate_redstone_ore":12,"minecraft:blackstone":2,"minecraft:dandelion":4,"twilightforest:torchberry_plant":3,"minecraft:torch":1,"minecraft:crafting_table":2,"minecraft:poppy":1,"minecraft:copper_ore":5,"minecraft:tall_grass":3,"minecraft:cobblestone":4,"minecraft:oak_planks":1,"minecraft:deepslate_gold_ore":11,"minecraft:sugar_cane":4,"twilightforest:mayapple":1,"minecraft:birch_sapling":1,"minecraft:birch_log":24,"minecraft:wheat":1,"minecraft:yellow_bed":1,"minecraft:smooth_stone_slab":1,"minecraft:grass":54,"minecraft:coal_ore":28,"minecraft:oak_log":120,"rogcontinued:crystalchunkore":4,"minecraft:gravel":13,"minecraft:dirt":15,"minecraft:netherrack":1,"minecraft:deepslate":34,"minecraft:oak_leaves":4,"soulsweapons:verglas_ore":2}},"DataVersion":3465}