{"stats":{"minecraft:dropped":{"twilightforest:nagastone":2,"minecraft:oak_log":3,"minecraft:diamond":1,"minecraft:cooked_porkchop":6,"soulsweapons:leviathan_axe":1,"minecraft:leather":2,"mcdw:sword_claymore":1,"minecraft:cracked_stone_bricks":2,"travelersbackpack:standard":1,"paraglider:spirit_orb":12,"minecraft:dirt":16,"twilightforest:firefly":1,"minecraft:cornflower":1,"minecraft:writable_book":1,"minecraft:sugar":4,"minecraft:birch_log":1,"minecraft:bone":23,"minecraft:gravel":2,"minecraft:stone_axe":1,"minecraft:golden_chestplate":1,"rogcontinued:halberd":1,"alexsmobs:animal_dictionary":2,"minecraft:wheat":7,"minecraft:rotten_flesh":27,"minecraft:oak_planks":66,"twilightforest:torchberries":3,"minecraft:deepslate_tiles":1,"minecraft:gunpowder":1,"minecraft:beetroot_seeds":1,"minecraft:painting":19,"minecraft:stone_brick_stairs":4,"minecraft:written_book":2,"minecraft:magenta_wool":1,"minecraft:egg":4,"minecraft:iron_ingot":4,"minecraft:bread":12,"minecraft:wheat_seeds":5,"minecraft:iron_helmet":1,"minecraft:cobblestone":2,"minecraft:book":6,"minecraft:coal":1,"minecraft:stick":3,"twilightforest:naga_trophy":1,"minecraft:gray_wool":1,"minecraft:torch":70,"minecraft:wooden_axe":4,"minecraft:brown_wool":1,"minecraft:iron_leggings":1,"minecraft:iron_axe":1,"minecraft:smooth_stone":6,"minecraft:iron_shovel":3,"minecraft:paper":18,"minecraft:string":17,"rogcontinued:wastergreatsword":2,"minecraft:furnace":1,"minecraft:anvil":1,"minecraft:moss_carpet":3,"minecraft:green_terracotta":1,"minecraft:cobblestone_wall":1,"alexscaves:spawn_egg_nucleeper":1,"twilightforest:twilight_scepter":1,"minecraft:iron_boots":1,"minecraft:potato":1,"minecraft:cyan_wool":1,"rogcontinued:dullblade":1,"minecraft:diamond_chestplate":1,"twilightforest:underbrick":5,"minecraft:iron_chestplate":2,"minecraft:diamond_pickaxe":4,"twilightforest:magic_map_focus":1,"minecraft:mossy_stone_bricks":6,"minecraft:oak_sapling":1,"minecraft:stone_bricks":4,"minecraft:spider_eye":4,"minecraft:slime_ball":1,"minecraft:bow":2,"minecraft:stone_pickaxe":2,"minecraft:wooden_pickaxe":2},"minecraft:used":{"minecraft:iron_shovel":49,"minecraft:poppy":1,"minecraft:chest":3,"minecraft:stone":90,"minecraft:rotten_flesh":8,"minecraft:iron_chestplate":2,"minecraft:allium":2,"minecraft:tuff":12,"minecraft:obsidian":12,"twilightforest:cooked_venison":3,"minecraft:iron_helmet":1,"minecraft:stone_bricks":3,"minecraft:written_book":1,"minecraft:furnace":4,"minecraft:mossy_stone_bricks":1,"minecraft:oak_planks":291,"minecraft:stone_pickaxe":20,"minecraft:wooden_pickaxe":24,"rogcontinued:wastergreatsword":18,"minecraft:white_wool":1,"rogcontinued:bonehatchets":99,"minecraft:bread":42,"minecraft:gravel":12,"minecraft:birch_log":1,"minecraft:smooth_stone_slab":2,"travelersbackpack:skeleton":3,"minecraft:flint_and_steel":2,"travelersbackpack:bat":2,"minecraft:cooked_salmon":1,"minecraft:cooked_chicken":16,"minecraft:torch":104,"minecraft:dirt":5,"minecraft:golden_chestplate":1,"minecraft:wooden_axe":91,"rogcontinued:dullblade":121,"minecraft:iron_axe":396,"minecraft:iron_boots":1,"minecraft:light_gray_wool":1,"minecraft:cooked_beef":28,"minecraft:cobbled_deepslate":9,"minecraft:iron_leggings":3,"minecraft:wheat_seeds":1,"minecraft:cooked_mutton":13,"minecraft:water_bucket":18,"rogcontinued:halberd":1,"twilightforest:lich_trophy":3,"minecraft:cracked_stone_bricks":2,"minecraft:crafting_table":5,"minecraft:white_bed":3,"minecraft:diamond_pickaxe":513,"minecraft:cracked_polished_blackstone_bricks":6,"minecraft:stone_axe":11,"stalwart_dungeons:stone_hammer":2,"minecraft:cobblestone":24,"rogcontinued:harbingerofdawn":21,"minecraft:cooked_porkchop":15,"minecraft:bucket":18,"minecraft:yellow_bed":1,"minecraft:dandelion":5},"minecraft:broken":{"minecraft:wooden_axe":1,"minecraft:iron_axe":1,"minecraft:iron_helmet":1},"minecraft:custom":{"minecraft:interact_with_crafting_table":35,"minecraft:leave_game":4,"minecraft:time_since_death":24025,"minecraft:sprint_one_cm":1034255,"minecraft:drop":124,"minecraft:talked_to_villager":3,"minecraft:play_time":228379,"minecraft:deaths":11,"minecraft:jump":3413,"minecraft:walk_on_water_one_cm":54640,"minecraft:interact_with_furnace":126,"minecraft:traded_with_villager":1,"minecraft:sleep_in_bed":7,"minecraft:damage_dealt":28197,"minecraft:player_kills":9,"minecraft:crouch_one_cm":16726,"minecraft:interact_with_smoker":1,"minecraft:mob_kills":172,"minecraft:climb_one_cm":6139,"minecraft:walk_one_cm":621836,"minecraft:raid_win":1,"minecraft:sneak_time":4039,"minecraft:walk_under_water_one_cm":28912,"minecraft:total_world_time":228379,"twilightforest:trophy_pedestals_activated":1,"minecraft:time_since_rest":24094,"minecraft:damage_taken":10487,"minecraft:swim_one_cm":113576,"minecraft:fly_one_cm":1274468,"minecraft:open_chest":87,"minecraft:fall_one_cm":86055},"minecraft:picked_up":{"minecraft:wooden_axe":2,"twilightforest:lich_trophy":4,"minecraft:iron_chestplate":6,"minecraft:wheat":7,"travelersbackpack:bat":1,"minecraft:anvil":2,"twilightforest:naga_trophy":1,"soulsweapons:moonstone":2,"minecraft:stone_brick_stairs":4,"rogcontinued:mistveiledleadelixir":13,"minecraft:string":26,"minecraft:raw_copper":16,"minecraft:smooth_stone_slab":2,"minecraft:iron_leggings":8,"rogcontinued:tileofdecarabianstower":3,"minecraft:deepslate_tiles":1,"minecraft:gold_nugget":3,"minecraft:cobbled_deepslate":73,"minecraft:bucket":2,"rogcontinued:crystalchunk":15,"minecraft:written_book":3,"rogcontinued:wastergreatsword":2,"rogcontinued:borealwolfsmilktooth":6,"twilightforest:underbrick":5,"minecraft:furnace":2,"minecraft:iron_boots":5,"twilightforest:cooked_venison":1,"minecraft:stick":72,"twilightforest:magic_map":2,"minecraft:torch":378,"minecraft:porkchop":34,"rogcontinued:fettersofthedandeliongladiator":9,"rogcontinued:halberd":1,"minecraft:golden_chestplate":1,"minecraft:green_terracotta":1,"minecraft:cactus":24,"minecraft:rotten_flesh":45,"minecraft:obsidian":6,"minecraft:cod":1,"minecraft:cobblestone":343,"minecraft:birch_log":130,"minecraft:feather":28,"minecraft:cooked_beef":9,"minecraft:water_bucket":3,"twilightforest:twilight_oak_wood":16,"minecraft:brown_wool":1,"minecraft:potato":67,"paraglider:spirit_orb":20,"minecraft:flint":1,"minecraft:tuff":132,"minecraft:dirt":81,"twilightforest:canopy_sapling":1,"minecraft:bone":38,"minecraft:bow":10,"minecraft:wheat_seeds":7,"minecraft:raw_gold":12,"minecraft:mossy_stone_bricks":7,"minecraft:glowstone_dust":33,"minecraft:oak_planks":80,"minecraft:cooked_porkchop":10,"minecraft:ink_sac":6,"mcda:wolf_pelt":1,"alexsmobs:animal_dictionary":1,"twilightforest:twilight_scepter":2,"minecraft:sugar":4,"rogcontinued:luminoussandsfromguyun":5,"minecraft:diamond":7,"rogcontinued:whiteironchunk":10,"stalwart_dungeons:stone_hammer":2,"minecraft:writable_book":1,"minecraft:cracked_polished_blackstone_bricks":6,"soulsweapons:verglas":2,"minecraft:emerald":17,"minecraft:bread":148,"minecraft:oak_sapling":27,"twilightforest:torchberries":6,"minecraft:netherrack":1,"rogcontinued:grainofaerosiderite":7,"minecraft:diamond_pickaxe":11,"minecraft:charcoal":38,"minecraft:crafting_table":2,"minecraft:allium":4,"twilightforest:ironwood_boots":1,"minecraft:chicken":18,"soulsweapons:leviathan_axe":2,"minecraft:wooden_pickaxe":1,"twilightforest:nagastone":2,"minecraft:cornflower":1,"twilightforest:filled_magic_map":2,"minecraft:red_bed":1,"minecraft:moss_carpet":4,"minecraft:iron_axe":5,"minecraft:flint_and_steel":2,"minecraft:iron_shovel":3,"minecraft:magenta_wool":1,"minecraft:blackstone":2,"minecraft:cracked_stone_bricks":4,"minecraft:beef":36,"minecraft:cyan_wool":1,"twilightforest:naga_scale":11,"minecraft:poppy":2,"minecraft:light_gray_wool":1,"mcdw:sword_claymore":1,"minecraft:sugar_cane":20,"minecraft:birch_sapling":6,"twilightforest:armor_shard":8,"minecraft:egg":10,"rogcontinued:dullblade":4,"minecraft:raw_iron":56,"minecraft:polished_blackstone_bricks":1,"minecraft:redstone":56,"alexscaves:spawn_egg_nucleeper":1,"twilightforest:firefly":3,"minecraft:arrow":31,"minecraft:diamond_chestplate":2,"minecraft:beetroot_seeds":1,"twilightforest:etched_nagastone":1,"minecraft:shears":2,"minecraft:mutton":56,"minecraft:white_wool":33,"minecraft:skeleton_skull":2,"minecraft:bone_block":18,"rogcontinued:ironchunk":25,"minecraft:salmon":3,"minecraft:leather":47,"minecraft:birch_planks":26,"minecraft:oak_log":231,"minecraft:cobblestone_wall":1,"minecraft:yellow_bed":1,"minecraft:gunpowder":7,"minecraft:paper":33,"minecraft:cooked_mutton":4,"twilightforest:raw_venison":6,"minecraft:apple":5,"minecraft:stone_bricks":7,"untamedwilds:material_fat":1,"minecraft:iron_ingot":6,"minecraft:stone_pickaxe":3,"travelersbackpack:skeleton":7,"minecraft:flowering_azalea":1,"minecraft:book":54,"minecraft:pumpkin":24,"minecraft:dandelion":10,"minecraft:raw_iron_block":1,"minecraft:gravel":14,"minecraft:blast_furnace":2,"minecraft:white_bed":1,"minecraft:spruce_log":16,"minecraft:spruce_door":1,"rogcontinued:harbingerofdawn":1,"minecraft:spider_eye":5,"travelersbackpack:standard":1,"rogcontinued:bonehatchets":1,"minecraft:slime_ball":6,"twilightforest:raven_feather":3,"minecraft:iron_helmet":5,"minecraft:painting":23,"minecraft:gray_wool":3,"minecraft:coal":84},"minecraft:killed_by":{"twilightforest:lich_minion":1,"alexsmobs:grizzly_bear":1,"minecraft:player":1},"minecraft:killed":{"twilightforest:hostile_wolf":2,"alexsmobs:lobster":1,"minecraft:witch":1,"minecraft:spider":4,"minecraft:skeleton":15,"minecraft:chicken":15,"twilightforest:slime_beetle":6,"minecraft:piglin":2,"minecraft:pig":11,"minecraft:salmon":2,"untamedwilds:boar":2,"twilightforest:raven":1,"minecraft:creeper":3,"twilightforest:skeleton_druid":2,"minecraft:sheep":19,"minecraft:pillager":2,"twilightforest:upper_goblin_knight":1,"minecraft:zombie":26,"twilightforest:lower_goblin_knight":1,"minecraft:cow":10,"twilightforest:deer":2,"alexsmobs:seagull":1,"alexscaves:nucleeper":1,"minecraft:horse":4,"twilightforest:naga":1,"twilightforest:swarm_spider":1,"twilightforest:hedge_spider":1,"twilightforest:blockchain_goblin":4,"twilightforest:death_tome":5,"twilightforest:helmet_crab":5,"twilightforest:kobold":8,"twilightforest:redcap_sapper":1,"minecraft:squid":1,"alexsmobs:catfish":1,"minecraft:player":7,"twilightforest:bighorn_sheep":3},"minecraft:crafted":{"minecraft:oak_planks":556,"minecraft:smooth_stone":6,"rogcontinued:halberd":1,"minecraft:cooked_chicken":16,"rogcontinued:mistveiledmercuryelixir":2,"minecraft:stone":105,"minecraft:cooked_mutton":15,"rogcontinued:wastergreatsword":1,"twilightforest:cooked_venison":3,"minecraft:iron_boots":2,"minecraft:chest":3,"twilightforest:magic_map_focus":3,"minecraft:emerald":1,"minecraft:cooked_porkchop":26,"minecraft:crafting_table":3,"minecraft:wooden_pickaxe":1,"minecraft:iron_helmet":1,"minecraft:birch_planks":92,"rogcontinued:pieceofaerosiderite":1,"minecraft:iron_chestplate":2,"minecraft:paper":15,"minecraft:stick":44,"minecraft:iron_ingot":53,"minecraft:raw_iron":9,"minecraft:furnace":3,"minecraft:flint_and_steel":1,"rogcontinued:harbingerofdawn":1,"minecraft:iron_axe":2,"rogcontinued:dullblade":1,"minecraft:stone_pickaxe":1,"minecraft:cooked_beef":21,"minecraft:cooked_salmon":1,"minecraft:stone_axe":1,"minecraft:air":0,"minecraft:wooden_axe":3,"minecraft:iron_shovel":1,"minecraft:iron_leggings":1,"minecraft:white_bed":2,"minecraft:torch":132,"rogcontinued:borealwolfscrackedtooth":1,"twilightforest:magic_map":2},"minecraft:mined":{"minecraft:white_bed":1,"rogcontinued:whiteironchunkore":5,"minecraft:obsidian":5,"minecraft:grass_block":38,"minecraft:cracked_polished_blackstone_bricks":6,"minecraft:spawner":4,"minecraft:polished_blackstone_bricks":1,"minecraft:tall_seagrass":1,"minecraft:raw_iron_block":1,"rogcontinued:ironchunkore":14,"minecraft:glowstone":10,"minecraft:cobbled_deepslate":1,"minecraft:fire":35,"twilightforest:twilight_oak_wood":44,"minecraft:pumpkin":12,"travelersbackpack:skeleton":4,"minecraft:deepslate_redstone_ore":12,"minecraft:blackstone":2,"minecraft:torch":9,"twilightforest:torchberry_plant":3,"minecraft:poppy":1,"minecraft:dead_bush":1,"minecraft:cobblestone":4,"minecraft:sugar_cane":4,"minecraft:oak_planks":1,"minecraft:wall_torch":3,"minecraft:birch_sapling":1,"minecraft:birch_log":24,"minecraft:wheat":1,"twilightforest:lich_trophy":2,"minecraft:smooth_stone_slab":1,"minecraft:grass":67,"minecraft:oak_log":120,"rogcontinued:crystalchunkore":4,"minecraft:dirt":15,"minecraft:netherrack":1,"minecraft:oak_leaves":4,"minecraft:deepslate":76,"soulsweapons:verglas_ore":2,"minecraft:tuff":33,"minecraft:deepslate_diamond_ore":6,"minecraft:glow_lichen":1,"minecraft:allium":1,"minecraft:large_fern":3,"travelersbackpack:bat":1,"minecraft:furnace":1,"twilightforest:twilight_oak_leaves":10,"soulsweapons:moonstone_ore_deepslate":1,"minecraft:potatoes":1,"minecraft:deepslate_iron_ore":56,"minecraft:stone":234,"minecraft:bone_block":18,"minecraft:flowering_azalea":1,"minecraft:dandelion":4,"minecraft:crafting_table":2,"minecraft:cornflower":1,"minecraft:tall_grass":10,"minecraft:copper_ore":5,"minecraft:deepslate_gold_ore":12,"twilightforest:mayapple":1,"minecraft:birch_leaves":3,"minecraft:yellow_bed":1,"minecraft:coal_ore":28,"minecraft:gravel":13,"minecraft:deepslate_emerald_ore":3,"minecraft:fern":3}},"DataVersion":3465}