{"stats":{"minecraft:dropped":{"twilightforest:nagastone":2,"minecraft:diamond":1,"minecraft:cooked_porkchop":6,"paraglider:spirit_orb":12,"twilightforest:firefly":1,"minecraft:writable_book":1,"minecraft:sugar":4,"minecraft:birch_log":1,"minecraft:bone":23,"minecraft:gravel":2,"minecraft:stone_axe":1,"rogcontinued:halberd":1,"alexsmobs:animal_dictionary":2,"minecraft:rotten_flesh":27,"minecraft:oak_planks":66,"twilightforest:torchberries":2,"minecraft:deepslate_tiles":1,"minecraft:beetroot_seeds":1,"minecraft:painting":19,"minecraft:egg":2,"minecraft:iron_ingot":4,"minecraft:wheat_seeds":3,"minecraft:iron_helmet":1,"minecraft:cobblestone":1,"minecraft:book":6,"minecraft:stick":3,"twilightforest:naga_trophy":1,"minecraft:gray_wool":1,"minecraft:torch":70,"minecraft:wooden_axe":4,"minecraft:iron_axe":1,"minecraft:smooth_stone":6,"minecraft:iron_shovel":2,"minecraft:paper":18,"minecraft:string":17,"rogcontinued:wastergreatsword":2,"minecraft:furnace":1,"minecraft:moss_carpet":3,"minecraft:green_terracotta":1,"alexscaves:spawn_egg_nucleeper":1,"minecraft:iron_boots":1,"minecraft:potato":1,"rogcontinued:dullblade":1,"minecraft:diamond_chestplate":1,"minecraft:iron_chestplate":2,"minecraft:diamond_pickaxe":4,"twilightforest:magic_map_focus":1,"minecraft:spider_eye":4,"minecraft:bow":2,"minecraft:stone_pickaxe":2,"minecraft:wooden_pickaxe":2},"minecraft:used":{"minecraft:iron_shovel":49,"minecraft:poppy":1,"minecraft:chest":3,"minecraft:stone":90,"minecraft:rotten_flesh":8,"minecraft:iron_chestplate":1,"minecraft:allium":2,"minecraft:tuff":12,"minecraft:obsidian":12,"twilightforest:cooked_venison":3,"minecraft:stone_bricks":3,"minecraft:furnace":4,"minecraft:mossy_stone_bricks":1,"minecraft:oak_planks":291,"minecraft:stone_pickaxe":20,"minecraft:wooden_pickaxe":24,"rogcontinued:wastergreatsword":18,"minecraft:white_wool":1,"minecraft:bread":9,"minecraft:gravel":12,"minecraft:birch_log":1,"minecraft:smooth_stone_slab":2,"travelersbackpack:skeleton":2,"minecraft:flint_and_steel":2,"minecraft:cooked_salmon":1,"minecraft:cooked_chicken":16,"minecraft:torch":89,"minecraft:dirt":5,"minecraft:wooden_axe":91,"rogcontinued:dullblade":121,"minecraft:iron_axe":396,"minecraft:light_gray_wool":1,"minecraft:cooked_beef":28,"minecraft:cobbled_deepslate":6,"minecraft:iron_leggings":2,"minecraft:wheat_seeds":1,"minecraft:cooked_mutton":13,"minecraft:water_bucket":18,"rogcontinued:halberd":1,"minecraft:cracked_stone_bricks":2,"minecraft:crafting_table":5,"minecraft:white_bed":3,"minecraft:diamond_pickaxe":456,"minecraft:cracked_polished_blackstone_bricks":6,"minecraft:stone_axe":11,"stalwart_dungeons:stone_hammer":2,"minecraft:cobblestone":24,"rogcontinued:harbingerofdawn":21,"minecraft:cooked_porkchop":15,"minecraft:bucket":18,"minecraft:yellow_bed":1,"minecraft:dandelion":5},"minecraft:broken":{"minecraft:wooden_axe":1,"minecraft:iron_axe":1,"minecraft:iron_helmet":1},"minecraft:custom":{"minecraft:interact_with_crafting_table":35,"minecraft:leave_game":3,"minecraft:time_since_death":690,"minecraft:sprint_one_cm":929258,"minecraft:drop":88,"minecraft:talked_to_villager":3,"minecraft:play_time":202121,"minecraft:deaths":10,"minecraft:jump":3074,"minecraft:walk_on_water_one_cm":54013,"minecraft:interact_with_furnace":126,"minecraft:traded_with_villager":1,"minecraft:sleep_in_bed":7,"minecraft:damage_dealt":21825,"minecraft:player_kills":8,"minecraft:crouch_one_cm":15187,"minecraft:interact_with_smoker":1,"minecraft:mob_kills":135,"minecraft:climb_one_cm":5963,"minecraft:walk_one_cm":514805,"minecraft:raid_win":1,"minecraft:sneak_time":3555,"minecraft:walk_under_water_one_cm":28797,"minecraft:total_world_time":202121,"minecraft:time_since_rest":705,"minecraft:damage_taken":8735,"minecraft:swim_one_cm":112662,"minecraft:fly_one_cm":1084273,"minecraft:open_chest":82,"minecraft:fall_one_cm":77665},"minecraft:picked_up":{"minecraft:wooden_axe":2,"twilightforest:lich_trophy":1,"minecraft:iron_chestplate":5,"minecraft:anvil":2,"soulsweapons:moonstone":2,"rogcontinued:mistveiledleadelixir":13,"minecraft:string":26,"minecraft:raw_copper":16,"minecraft:smooth_stone_slab":2,"minecraft:iron_leggings":7,"rogcontinued:tileofdecarabianstower":3,"minecraft:deepslate_tiles":1,"minecraft:cobbled_deepslate":32,"minecraft:bucket":2,"rogcontinued:crystalchunk":15,"rogcontinued:wastergreatsword":2,"rogcontinued:borealwolfsmilktooth":6,"minecraft:furnace":2,"minecraft:iron_boots":4,"twilightforest:cooked_venison":1,"minecraft:stick":72,"twilightforest:magic_map":1,"minecraft:torch":306,"minecraft:porkchop":34,"rogcontinued:fettersofthedandeliongladiator":9,"rogcontinued:halberd":1,"minecraft:green_terracotta":1,"minecraft:cactus":24,"minecraft:rotten_flesh":45,"minecraft:obsidian":6,"minecraft:cobblestone":343,"minecraft:birch_log":130,"minecraft:feather":28,"minecraft:cooked_beef":9,"minecraft:water_bucket":3,"twilightforest:twilight_oak_wood":16,"minecraft:potato":67,"paraglider:spirit_orb":20,"minecraft:flint":1,"minecraft:tuff":132,"minecraft:dirt":65,"twilightforest:canopy_sapling":1,"minecraft:bone":38,"minecraft:bow":10,"minecraft:wheat_seeds":5,"minecraft:raw_gold":11,"minecraft:mossy_stone_bricks":1,"minecraft:glowstone_dust":33,"minecraft:oak_planks":80,"minecraft:cooked_porkchop":10,"minecraft:ink_sac":6,"alexsmobs:animal_dictionary":1,"twilightforest:twilight_scepter":1,"minecraft:sugar":4,"rogcontinued:luminoussandsfromguyun":5,"minecraft:diamond":2,"rogcontinued:whiteironchunk":10,"stalwart_dungeons:stone_hammer":2,"minecraft:writable_book":1,"minecraft:cracked_polished_blackstone_bricks":6,"soulsweapons:verglas":2,"minecraft:emerald":14,"minecraft:bread":84,"minecraft:oak_sapling":26,"twilightforest:torchberries":5,"minecraft:netherrack":1,"rogcontinued:grainofaerosiderite":7,"minecraft:diamond_pickaxe":10,"minecraft:charcoal":38,"minecraft:crafting_table":2,"minecraft:allium":4,"minecraft:chicken":16,"minecraft:wooden_pickaxe":1,"twilightforest:nagastone":2,"twilightforest:filled_magic_map":2,"minecraft:red_bed":1,"minecraft:moss_carpet":3,"minecraft:iron_axe":4,"minecraft:flint_and_steel":2,"minecraft:iron_shovel":2,"minecraft:blackstone":2,"minecraft:cracked_stone_bricks":2,"minecraft:beef":36,"minecraft:poppy":2,"minecraft:light_gray_wool":1,"minecraft:sugar_cane":20,"minecraft:birch_sapling":6,"minecraft:egg":8,"rogcontinued:dullblade":4,"minecraft:raw_iron":51,"minecraft:polished_blackstone_bricks":1,"minecraft:redstone":56,"alexscaves:spawn_egg_nucleeper":1,"twilightforest:firefly":3,"minecraft:arrow":31,"minecraft:diamond_chestplate":2,"minecraft:beetroot_seeds":1,"twilightforest:etched_nagastone":1,"minecraft:shears":2,"minecraft:mutton":51,"minecraft:white_wool":33,"minecraft:skeleton_skull":2,"minecraft:bone_block":18,"rogcontinued:ironchunk":25,"minecraft:salmon":3,"minecraft:leather":45,"minecraft:birch_planks":26,"minecraft:oak_log":228,"minecraft:yellow_bed":1,"minecraft:gunpowder":6,"minecraft:paper":33,"minecraft:cooked_mutton":4,"twilightforest:raw_venison":3,"minecraft:apple":5,"minecraft:stone_bricks":3,"untamedwilds:material_fat":1,"minecraft:iron_ingot":6,"minecraft:stone_pickaxe":3,"travelersbackpack:skeleton":6,"minecraft:flowering_azalea":1,"minecraft:book":54,"minecraft:pumpkin":24,"minecraft:dandelion":10,"minecraft:raw_iron_block":1,"minecraft:gravel":14,"minecraft:blast_furnace":2,"minecraft:white_bed":1,"minecraft:spruce_log":16,"minecraft:spruce_door":1,"rogcontinued:harbingerofdawn":1,"minecraft:spider_eye":5,"twilightforest:raven_feather":3,"minecraft:iron_helmet":4,"minecraft:painting":23,"minecraft:gray_wool":2,"minecraft:coal":83},"minecraft:killed_by":{"twilightforest:lich_minion":1,"minecraft:player":1},"minecraft:killed":{"twilightforest:hostile_wolf":2,"alexsmobs:lobster":1,"minecraft:witch":1,"minecraft:spider":4,"minecraft:skeleton":15,"minecraft:chicken":13,"minecraft:piglin":2,"minecraft:pig":11,"minecraft:salmon":2,"untamedwilds:boar":2,"twilightforest:raven":1,"minecraft:creeper":2,"twilightforest:skeleton_druid":1,"minecraft:sheep":19,"minecraft:pillager":2,"minecraft:zombie":24,"minecraft:cow":10,"twilightforest:deer":1,"alexsmobs:seagull":1,"alexscaves:nucleeper":1,"minecraft:horse":4,"twilightforest:naga":1,"twilightforest:swarm_spider":1,"twilightforest:hedge_spider":1,"twilightforest:death_tome":5,"minecraft:squid":1,"alexsmobs:catfish":1,"minecraft:player":7},"minecraft:crafted":{"minecraft:oak_planks":556,"minecraft:smooth_stone":6,"rogcontinued:halberd":1,"minecraft:cooked_chicken":16,"rogcontinued:mistveiledmercuryelixir":2,"minecraft:stone":105,"minecraft:cooked_mutton":15,"rogcontinued:wastergreatsword":1,"twilightforest:cooked_venison":3,"minecraft:iron_boots":2,"minecraft:chest":3,"twilightforest:magic_map_focus":3,"minecraft:emerald":1,"minecraft:cooked_porkchop":26,"minecraft:crafting_table":3,"minecraft:wooden_pickaxe":1,"minecraft:iron_helmet":1,"minecraft:birch_planks":92,"rogcontinued:pieceofaerosiderite":1,"minecraft:iron_chestplate":2,"minecraft:paper":15,"minecraft:stick":44,"minecraft:iron_ingot":53,"minecraft:raw_iron":9,"minecraft:furnace":3,"minecraft:flint_and_steel":1,"rogcontinued:harbingerofdawn":1,"minecraft:iron_axe":2,"rogcontinued:dullblade":1,"minecraft:stone_pickaxe":1,"minecraft:cooked_beef":21,"minecraft:cooked_salmon":1,"minecraft:stone_axe":1,"minecraft:air":0,"minecraft:wooden_axe":3,"minecraft:iron_shovel":1,"minecraft:iron_leggings":1,"minecraft:white_bed":2,"minecraft:torch":132,"rogcontinued:borealwolfscrackedtooth":1,"twilightforest:magic_map":2},"minecraft:mined":{"minecraft:white_bed":1,"rogcontinued:whiteironchunkore":5,"minecraft:obsidian":5,"minecraft:grass_block":38,"minecraft:cracked_polished_blackstone_bricks":6,"minecraft:spawner":4,"minecraft:polished_blackstone_bricks":1,"minecraft:tall_seagrass":1,"minecraft:raw_iron_block":1,"rogcontinued:ironchunkore":14,"minecraft:glowstone":10,"minecraft:fire":35,"twilightforest:twilight_oak_wood":44,"minecraft:pumpkin":12,"travelersbackpack:skeleton":4,"minecraft:deepslate_redstone_ore":12,"minecraft:blackstone":2,"minecraft:torch":1,"twilightforest:torchberry_plant":3,"minecraft:poppy":1,"minecraft:dead_bush":1,"minecraft:cobblestone":4,"minecraft:sugar_cane":4,"minecraft:oak_planks":1,"minecraft:wall_torch":3,"minecraft:birch_sapling":1,"minecraft:birch_log":24,"minecraft:wheat":1,"minecraft:smooth_stone_slab":1,"minecraft:grass":57,"minecraft:oak_log":120,"rogcontinued:crystalchunkore":4,"minecraft:dirt":15,"minecraft:netherrack":1,"minecraft:oak_leaves":4,"minecraft:deepslate":34,"soulsweapons:verglas_ore":2,"minecraft:tuff":33,"minecraft:deepslate_diamond_ore":1,"minecraft:glow_lichen":1,"minecraft:allium":1,"minecraft:large_fern":2,"minecraft:furnace":1,"twilightforest:twilight_oak_leaves":10,"soulsweapons:moonstone_ore_deepslate":1,"minecraft:potatoes":1,"minecraft:deepslate_iron_ore":51,"minecraft:stone":234,"minecraft:bone_block":18,"minecraft:flowering_azalea":1,"minecraft:dandelion":4,"minecraft:crafting_table":2,"minecraft:tall_grass":8,"minecraft:copper_ore":5,"minecraft:deepslate_gold_ore":11,"twilightforest:mayapple":1,"minecraft:birch_leaves":3,"minecraft:yellow_bed":1,"minecraft:coal_ore":28,"minecraft:gravel":13,"minecraft:fern":1}},"DataVersion":3465}